filename,Reentrancy,Integer_Overflow_Underflow,Access_Control,Timestamp_Dependence,Transaction_Ordering_Dependence_Front_Running,Bad_Randomness,Unchecked_Low_Level_Calls,Vulnerable
1003.sol,0,0,0,0,0,0,0,0
1007.sol,0,0,0,0,0,0,0,0
1009.sol,0,0,0,0,0,0,0,0
1019.sol,0,0,0,0,0,0,0,0
1021.sol,0,0,0,0,0,0,0,0
1025.sol,0,0,0,0,0,0,0,0
1034.sol,0,0,0,0,0,0,0,0
1038.sol,0,0,0,0,0,0,0,0
1046.sol,0,0,0,0,0,0,0,0
1053.sol,0,0,0,0,0,0,0,0
1064.sol,0,0,0,0,0,0,0,0
1065.sol,0,0,0,0,0,0,0,0
1067.sol,0,0,0,0,0,0,0,0
1084.sol,0,0,0,0,0,0,0,0
1085.sol,0,0,0,0,0,0,0,0
1089.sol,0,0,0,0,0,0,0,0
1091.sol,0,0,0,0,0,0,0,0
1093.sol,0,0,0,0,0,0,0,0
117.sol,0,0,0,0,0,0,0,0
131.sol,0,0,0,0,0,0,0,0
137.sol,0,0,0,0,0,0,0,0
138.sol,0,0,0,0,0,0,0,0
157.sol,0,0,0,0,0,0,0,0
159.sol,0,0,0,0,0,0,0,0
16.sol,0,0,0,0,0,0,0,0
203.sol,0,0,0,0,0,0,0,0
219.sol,0,0,0,0,0,0,0,0
231.sol,0,0,0,0,0,0,0,0
237.sol,0,0,0,0,0,0,0,0
245.sol,0,1,0,0,0,0,0,1
28.sol,0,0,0,0,0,0,0,0
296.sol,0,0,0,0,0,0,0,0
33.sol,0,0,0,0,0,0,0,0
335.sol,0,0,0,0,0,0,0,0
358.sol,0,0,0,0,0,0,0,0
387.sol,0,0,0,0,0,0,0,0
389.sol,0,0,0,0,0,0,0,0
39.sol,0,0,0,0,0,0,0,0
391.sol,0,0,0,0,0,0,0,0
408.sol,0,0,0,0,0,0,0,0
42.sol,0,0,0,0,0,0,0,0
443.sol,0,0,0,0,0,0,0,0
462.sol,0,0,0,0,0,0,0,0
476.sol,0,0,0,0,0,0,0,0
493.sol,0,0,0,0,0,0,0,0
5.sol,0,0,0,0,0,0,0,0
551.sol,0,0,0,0,0,0,0,0
600.sol,0,0,0,0,0,0,0,0
603.sol,0,0,0,0,0,0,0,0
62.sol,0,0,0,0,0,0,0,0
621.sol,0,0,0,0,0,0,0,0
636.sol,0,0,0,0,0,0,0,0
670.sol,0,0,0,0,0,0,0,0
680.sol,0,0,0,0,0,0,0,0
683.sol,0,0,0,0,0,0,0,0
693.sol,0,0,0,0,0,0,0,0
71.sol,0,0,0,0,0,0,0,0
734.sol,0,0,0,0,0,0,0,0
746.sol,0,0,0,0,0,0,0,0
749.sol,0,0,0,0,0,0,0,0
751.sol,0,0,0,0,0,0,0,0
754.sol,0,0,0,0,0,0,0,0
755.sol,0,0,0,0,0,0,0,0
772.sol,0,0,0,0,0,0,0,0
775.sol,0,0,0,0,0,0,0,0
782.sol,0,0,0,0,0,0,0,0
784.sol,0,0,0,0,0,0,0,0
785.sol,0,0,0,0,0,0,0,0
790.sol,0,0,0,0,0,0,0,0
798.sol,0,0,0,0,0,0,0,0
80.sol,0,0,0,0,0,0,0,0
811.sol,0,0,0,0,0,0,0,0
812.sol,0,0,0,0,0,0,0,0
813.sol,0,0,0,0,0,0,0,0
816.sol,0,0,0,0,0,0,0,0
823.sol,0,0,0,0,0,0,0,0
824.sol,0,0,0,0,0,0,0,0
825.sol,0,0,0,0,0,0,0,0
828.sol,0,0,0,0,0,0,0,0
84.sol,0,0,0,0,0,0,0,0
840.sol,0,0,0,0,0,0,0,0
842.sol,0,0,0,0,0,0,0,0
843.sol,0,0,0,0,0,0,0,0
844.sol,0,0,0,0,0,0,0,0
848.sol,0,0,0,0,0,0,0,0
850.sol,0,0,0,0,0,0,0,0
852.sol,0,0,0,0,0,0,0,0
857.sol,0,0,0,0,0,0,0,0
86.sol,0,0,0,0,0,0,0,0
863.sol,0,0,0,0,0,0,0,0
875.sol,0,0,0,0,0,0,0,0
878.sol,0,0,0,0,0,0,0,0
882.sol,0,0,0,0,0,0,0,0
888.sol,0,0,0,0,0,0,0,0
891.sol,0,0,0,0,0,0,0,0
894.sol,0,0,0,0,0,0,0,0
902.sol,0,0,0,0,0,0,0,0
917.sol,0,0,0,0,0,0,0,0
918.sol,0,0,0,0,0,0,0,0
933.sol,0,0,0,0,0,0,0,0
936.sol,0,0,0,0,0,0,0,0
939.sol,0,0,0,0,0,0,0,0
94.sol,0,0,0,0,0,0,0,0
951.sol,0,0,0,0,0,0,0,0
955.sol,0,0,0,0,0,0,0,0
961.sol,0,0,0,0,0,0,0,0
966.sol,0,0,0,0,0,0,0,0
968.sol,0,0,0,0,0,0,0,0
976.sol,0,0,0,0,0,0,0,0
980.sol,0,0,0,0,0,0,0,0
992.sol,0,0,0,0,0,0,0,0
basename,0,0,0,0,0,0,0,0
g1_10604.sol,0,0,0,0,0,0,1,1
g1_10605.sol,0,0,0,0,0,0,1,1
g1_10970.sol,0,0,0,0,0,0,1,1
g1_10971.sol,0,0,0,0,0,0,1,1
g1_14284.sol,0,0,0,0,0,0,1,1
g1_1430.sol,0,0,0,0,0,0,1,1
g1_1431.sol,0,0,0,0,0,0,1,1
g1_14353.sol,0,0,0,0,0,0,1,1
g1_14354.sol,0,0,0,0,0,0,1,1
g1_14620.sol,0,0,0,0,0,0,1,1
g1_14806.sol,0,0,0,0,0,0,1,1
g1_14993.sol,1,0,0,0,0,0,1,1
g1_14994.sol,1,0,0,0,0,0,0,1
g1_15553.sol,0,0,0,0,0,0,1,1
g1_16054.sol,0,0,0,0,0,0,1,1
g1_16057.sol,0,0,0,0,0,0,1,1
g1_16058.sol,0,0,0,0,0,0,1,1
g1_16643.sol,0,0,0,0,0,0,1,1
g1_16884.sol,0,0,0,0,0,0,1,1
g1_16925.sol,1,0,0,0,0,0,0,1
g1_16926.sol,1,0,0,0,0,0,1,1
g1_17009.sol,0,0,0,0,0,0,1,1
g1_17043.sol,1,0,0,0,1,0,0,1
g1_17044.sol,1,0,0,0,0,0,1,1
g1_17518.sol,0,0,0,0,0,0,1,1
g1_17829.sol,0,0,0,0,0,0,1,1
g1_17830.sol,0,0,0,0,0,0,0,0
g1_18145.sol,0,0,0,0,0,0,1,1
g1_18430.sol,1,0,0,0,0,0,1,1
g1_18438.sol,0,0,0,0,0,0,1,1
g1_18509.sol,1,0,0,0,0,0,1,1
g1_18510.sol,1,0,0,0,0,0,1,1
g1_18771.sol,0,0,0,0,0,0,1,1
g1_19128.sol,0,0,0,0,0,0,1,1
g1_19129.sol,0,0,0,0,0,0,1,1
g1_19925.sol,0,0,0,0,0,0,1,1
g1_21241.sol,0,0,0,0,0,0,0,0
g1_21697.sol,0,0,0,0,0,0,0,0
g1_21886.sol,0,0,0,0,0,0,0,0
g1_22074.sol,0,0,0,0,0,0,0,0
g1_22075.sol,0,0,0,0,0,0,0,0
g1_22247.sol,1,0,0,0,0,0,0,1
g1_22416.sol,1,0,0,0,0,0,1,1
g1_22635.sol,0,0,0,0,0,0,0,0
g1_22636.sol,0,0,0,0,0,0,1,1
g1_2307.sol,0,0,0,0,0,0,1,1
g1_2308.sol,0,0,0,0,0,0,1,1
g1_23792.sol,0,0,0,0,0,0,0,0
g1_23793.sol,0,0,0,0,0,0,0,0
g1_24161.sol,1,0,0,0,0,0,0,1
g1_24196.sol,0,0,0,0,0,0,1,1
g1_24369.sol,0,0,0,0,0,0,1,1
g1_24648.sol,0,0,0,0,0,0,0,0
g1_24649.sol,0,0,0,0,0,0,1,1
g1_25808.sol,0,0,0,0,1,0,1,1
g1_26188.sol,0,0,0,0,0,0,0,0
g1_26523.sol,1,0,0,0,0,0,0,1
g1_26742.sol,1,0,0,0,0,0,0,1
g1_26743.sol,1,0,0,0,0,0,1,1
g1_27121.sol,0,0,0,0,0,0,0,0
g1_27159.sol,0,0,0,0,0,0,1,1
g1_27164.sol,0,0,0,0,0,0,1,1
g1_27263.sol,0,0,0,0,0,0,1,1
g1_27327.sol,0,0,0,0,0,0,1,1
g1_27334.sol,0,0,0,0,0,0,0,0
g1_27603.sol,0,0,0,0,0,0,1,1
g1_28974.sol,0,0,0,0,0,0,1,1
g1_29089.sol,1,0,0,0,0,0,0,1
g1_29090.sol,1,0,0,0,0,0,1,1
g1_29130.sol,0,0,0,0,0,0,1,1
g1_29154.sol,0,0,0,0,0,0,1,1
g1_29590.sol,0,0,0,0,0,0,0,0
g1_29948.sol,0,0,0,0,0,0,0,0
g1_29983.sol,0,0,0,0,0,0,1,1
g1_3.sol,0,0,0,0,0,0,1,1
g1_30046.sol,0,0,0,0,0,0,0,0
g1_30101.sol,0,0,0,0,0,0,1,1
g1_30102.sol,0,0,0,0,0,0,1,1
g1_30254.sol,0,0,0,0,0,0,1,1
g1_30255.sol,0,0,0,0,0,0,1,1
g1_30337.sol,0,0,0,0,0,0,1,1
g1_30338.sol,0,0,0,0,0,0,1,1
g1_30460.sol,0,0,0,0,0,0,1,1
g1_31237.sol,0,0,0,0,0,0,1,1
g1_31238.sol,0,0,0,0,0,0,1,1
g1_31497.sol,0,0,0,0,0,0,1,1
g1_31565.sol,0,0,0,0,0,0,1,1
g1_31759.sol,0,0,0,0,0,0,1,1
g1_3211.sol,1,0,0,0,0,0,1,1
g1_3212.sol,1,0,0,0,0,0,1,1
g1_32522.sol,0,0,0,0,0,0,1,1
g1_3270.sol,0,0,0,0,0,0,1,1
g1_33450.sol,0,0,0,0,0,0,0,0
g1_33512.sol,0,0,0,0,0,0,1,1
g1_34432.sol,0,0,0,0,0,0,1,1
g1_34526.sol,0,0,0,0,0,0,1,1
g1_34668.sol,0,0,0,0,0,0,1,1
g1_34904.sol,0,0,0,0,0,0,0,0
g1_35208.sol,0,0,0,0,0,0,1,1
g1_35661.sol,0,0,0,0,0,0,1,1
g1_35662.sol,0,0,0,0,0,0,1,1
g1_35713.sol,0,0,0,0,0,0,1,1
g1_35714.sol,0,0,0,0,0,0,1,1
g1_35806.sol,0,0,0,0,0,0,0,0
g1_35807.sol,0,0,0,0,0,0,1,1
g1_35878.sol,0,0,0,0,0,0,1,1
g1_35951.sol,0,0,0,0,0,0,1,1
g1_36456.sol,0,0,0,0,0,0,1,1
g1_36481.sol,0,0,0,1,0,0,1,1
g1_36563.sol,0,0,0,0,0,0,1,1
g1_36668.sol,0,0,0,0,0,0,1,1
g1_36836.sol,0,0,0,0,0,0,0,0
g1_37474.sol,0,0,0,0,0,0,1,1
g1_37499.sol,0,0,0,0,0,0,1,1
g1_37645.sol,0,0,0,0,0,0,1,1
g1_37646.sol,0,0,0,0,0,0,1,1
g1_37676.sol,0,0,0,0,0,0,1,1
g1_37707.sol,1,0,0,0,0,0,0,1
g1_37708.sol,1,0,0,0,0,0,1,1
g1_37836.sol,0,0,0,0,0,0,1,1
g1_37891.sol,0,0,0,0,0,0,0,0
g1_38057.sol,0,0,0,0,0,0,0,0
g1_38250.sol,0,0,0,0,0,0,1,1
g1_38420.sol,0,0,0,0,0,0,1,1
g1_38543.sol,0,0,0,0,0,0,1,1
g1_38651.sol,0,0,0,0,0,0,1,1
g1_38828.sol,0,0,0,0,0,0,1,1
g1_38876.sol,0,0,0,1,0,0,1,1
g1_38888.sol,0,0,0,0,0,0,1,1
g1_39019.sol,1,0,0,0,0,0,1,1
g1_39032.sol,0,0,0,0,0,0,1,1
g1_39151.sol,0,0,0,0,0,0,1,1
g1_39199.sol,0,0,0,0,0,0,1,1
g1_39248.sol,0,0,0,0,0,0,1,1
g1_39268.sol,0,0,0,0,0,0,0,0
g1_39269.sol,1,0,0,0,0,0,1,1
g1_39327.sol,1,0,0,0,0,0,1,1
g1_39341.sol,0,0,0,0,0,0,1,1
g1_39644.sol,0,0,0,0,0,0,1,1
g1_39664.sol,0,0,0,0,0,0,1,1
g1_39684.sol,0,0,0,0,0,0,1,1
g1_39705.sol,0,0,0,0,0,0,1,1
g1_39749.sol,0,0,0,0,0,0,1,1
g1_39750.sol,0,0,0,0,0,0,1,1
g1_39777.sol,1,0,0,0,0,0,1,1
g1_39778.sol,1,0,0,0,0,0,1,1
g1_39817.sol,0,0,0,0,0,0,1,1
g1_39866.sol,1,0,0,0,0,0,1,1
g1_39867.sol,1,0,0,0,0,0,1,1
g1_39912.sol,0,0,0,0,0,0,1,1
g1_39934.sol,0,0,0,0,0,0,1,1
g1_4.sol,0,0,0,0,0,0,1,1
g1_40089.sol,0,0,0,0,0,0,1,1
g1_40090.sol,0,0,0,0,0,0,1,1
g1_40092.sol,0,0,0,0,0,0,1,1
g1_40203.sol,0,0,0,0,0,0,1,1
g1_40242.sol,0,0,0,0,0,0,1,1
g1_40249.sol,0,0,0,0,0,0,1,1
g1_40299.sol,0,0,0,0,0,0,1,1
g1_40336.sol,0,0,0,0,0,0,1,1
g1_40340.sol,0,1,0,0,0,0,1,1
g1_40342.sol,0,0,0,0,0,0,1,1
g1_40353.sol,0,0,0,0,0,0,1,1
g1_40357.sol,0,0,0,0,0,0,1,1
g1_40366.sol,0,0,0,0,0,0,1,1
g1_40413.sol,0,0,0,0,0,0,1,1
g1_40415.sol,1,0,0,0,0,0,1,1
g1_40425.sol,0,0,0,0,0,0,1,1
g1_40499.sol,1,0,0,0,0,0,1,1
g1_40500.sol,0,0,0,0,0,0,1,1
g1_40720.sol,0,0,0,0,0,0,1,1
g1_40732.sol,1,0,0,0,0,0,0,1
g1_40733.sol,0,0,0,0,0,0,1,1
g1_40734.sol,0,0,0,0,0,0,1,1
g1_40735.sol,1,0,0,0,0,0,0,1
g1_40736.sol,1,0,0,0,0,0,1,1
g1_40737.sol,0,0,0,0,0,0,1,1
g1_40741.sol,0,0,0,0,0,0,0,0
g1_40742.sol,1,0,0,0,0,0,1,1
g1_40745.sol,1,0,0,0,0,0,0,1
g1_40746.sol,1,0,0,0,0,0,1,1
g1_40747.sol,1,0,0,0,0,0,1,1
g1_40748.sol,1,0,0,0,0,0,1,1
g1_40749.sol,1,0,0,0,0,0,0,1
g1_40750.sol,0,0,0,0,0,0,1,1
g1_40751.sol,0,0,0,0,0,0,1,1
g1_40752.sol,0,0,0,0,0,0,1,1
g1_40753.sol,1,0,0,0,0,0,1,1
g1_40754.sol,1,0,0,0,0,0,1,1
g1_40755.sol,1,0,0,0,0,0,1,1
g1_40756.sol,1,0,0,0,0,0,0,1
g1_40757.sol,1,0,0,0,0,0,1,1
g1_40758.sol,1,0,0,0,0,0,0,1
g1_40759.sol,0,0,0,0,0,0,1,1
g1_40760.sol,0,0,0,0,0,0,0,0
g1_40761.sol,1,0,0,0,0,0,1,1
g1_40762.sol,1,0,0,0,0,0,0,1
g1_40763.sol,0,0,0,0,0,0,0,0
g1_40764.sol,1,0,0,0,0,0,0,1
g1_40765.sol,1,0,0,0,0,0,0,1
g1_40766.sol,0,0,0,0,0,0,1,1
g1_40768.sol,0,0,0,0,0,0,1,1
g1_40770.sol,1,0,0,0,0,0,0,1
g1_40771.sol,0,0,0,0,0,0,1,1
g1_40772.sol,1,0,0,0,0,0,1,1
g1_40774.sol,0,0,0,0,0,0,1,1
g1_40775.sol,1,0,0,0,1,0,0,1
g1_40776.sol,1,0,0,0,0,0,0,1
g1_40777.sol,1,0,0,0,0,0,1,1
g1_40778.sol,0,0,0,0,0,0,0,0
g1_40779.sol,1,0,0,0,1,0,0,1
g1_40780.sol,1,0,0,0,0,0,0,1
g1_40781.sol,1,0,0,0,0,0,0,1
g1_40782.sol,0,0,0,0,0,0,0,0
g1_40783.sol,0,0,0,0,0,0,1,1
g1_40784.sol,1,0,0,0,0,0,1,1
g1_40785.sol,1,0,0,0,0,0,1,1
g1_40786.sol,0,0,0,0,0,0,1,1
g1_40787.sol,1,0,0,0,0,0,1,1
g1_40788.sol,0,0,0,0,0,0,1,1
g1_40789.sol,1,0,0,0,0,0,1,1
g1_4598.sol,0,0,0,0,0,0,1,1
g1_4599.sol,0,0,0,0,0,0,1,1
g1_4679.sol,0,0,0,0,0,0,1,1
g1_4832.sol,1,0,0,0,0,0,1,1
g1_4833.sol,1,0,0,0,0,0,1,1
g1_50000.sol,0,0,0,0,0,0,1,1
g1_50001.sol,0,0,0,0,0,0,1,1
g1_50002.sol,1,0,0,0,0,0,0,1
g1_50003.sol,1,0,0,0,0,0,1,1
g1_50005.sol,1,0,0,0,0,0,1,1
g1_50006.sol,1,0,0,0,0,0,1,1
g1_50007.sol,1,0,0,0,0,0,1,1
g1_50008.sol,1,0,0,0,0,0,0,1
g1_50009.sol,1,0,0,0,0,0,1,1
g1_50010.sol,1,0,0,0,0,0,1,1
g1_50011.sol,1,0,0,0,0,0,1,1
g1_50012.sol,0,0,0,0,0,0,0,0
g1_50013.sol,1,0,0,0,0,0,0,1
g1_50014.sol,1,0,0,0,0,0,0,1
g1_50015.sol,1,0,0,0,0,0,1,1
g1_50016.sol,1,0,0,0,0,0,1,1
g1_50017.sol,1,0,0,0,0,0,1,1
g1_50018.sol,1,0,0,0,0,0,1,1
g1_50019.sol,1,0,0,1,0,0,1,1
g1_50020.sol,1,0,0,0,0,0,0,1
g1_50021.sol,1,0,0,0,0,0,0,1
g1_50022.sol,1,0,0,0,0,0,1,1
g1_50023.sol,1,0,0,0,0,0,1,1
g1_50024.sol,1,0,0,0,0,0,1,1
g1_50025.sol,1,0,0,0,0,0,1,1
g1_50026.sol,1,0,0,0,0,0,1,1
g1_50027.sol,0,0,0,0,0,0,1,1
g1_50028.sol,0,0,0,0,0,0,1,1
g1_50029.sol,0,0,0,0,0,0,1,1
g1_50030.sol,1,0,0,0,0,0,1,1
g1_50031.sol,1,0,0,0,0,0,1,1
g1_50032.sol,1,0,0,0,0,0,1,1
g1_50033.sol,0,0,0,0,0,0,1,1
g1_50034.sol,0,0,0,0,0,0,1,1
g1_50035.sol,1,0,0,0,0,0,1,1
g1_50036.sol,1,0,0,0,0,0,1,1
g1_5629.sol,1,0,0,0,0,0,0,1
g1_6192.sol,0,0,0,0,0,0,1,1
g1_6193.sol,0,0,0,0,0,0,1,1
g1_6603.sol,0,0,0,0,0,0,1,1
g1_6604.sol,0,0,0,0,0,0,1,1
g1_6606.sol,1,0,0,0,0,0,1,1
g1_6607.sol,1,0,0,0,0,0,1,1
g1_8342.sol,0,0,0,0,0,0,1,1
g1_8872.sol,0,0,0,0,0,0,1,1
g1_8873.sol,0,0,0,0,0,0,1,1
g1_9654.sol,0,0,0,0,0,0,1,1
g2_1.sol,0,0,0,0,0,0,0,0
g2_10146.sol,0,0,0,0,0,0,0,0
g2_10369.sol,0,0,0,0,0,0,0,0
g2_10971.sol,0,0,0,0,0,0,1,1
g2_1115.sol,0,0,0,0,0,0,0,0
g2_11243.sol,0,0,0,0,0,0,0,0
g2_11323.sol,0,0,0,0,0,0,0,0
g2_1183.sol,0,0,0,0,0,0,0,0
g2_11931.sol,0,0,0,0,0,0,0,0
g2_12292.sol,0,0,0,0,0,0,0,0
g2_12321.sol,0,0,0,0,0,0,0,0
g2_124.sol,0,0,0,0,0,0,0,0
g2_1246.sol,0,0,0,0,0,0,0,0
g2_1288.sol,0,0,0,1,0,0,0,1
g2_12894.sol,0,0,0,0,0,0,0,0
g2_12998.sol,0,1,0,0,0,0,0,1
g2_1313.sol,0,0,0,1,0,0,0,1
g2_1319.sol,0,0,0,0,0,0,0,0
g2_13371.sol,0,0,0,0,0,0,0,0
g2_134.sol,0,0,0,0,0,0,0,0
g2_135.sol,0,0,0,0,0,0,0,0
g2_136.sol,0,0,0,1,0,0,0,1
g2_14284.sol,0,0,0,0,0,0,1,1
g2_1430.sol,0,0,0,0,0,0,1,1
g2_14351.sol,0,0,0,1,0,0,0,1
g2_14353.sol,0,0,0,0,0,0,1,1
g2_14381.sol,0,0,0,0,0,0,0,0
g2_14620.sol,0,0,0,0,0,0,1,1
g2_14711.sol,0,0,0,0,0,0,0,0
g2_14994.sol,1,0,0,0,0,0,0,1
g2_15.sol,0,0,0,0,0,0,0,0
g2_1533.sol,0,0,0,0,0,0,0,0
g2_16018.sol,0,0,0,1,0,0,0,1
g2_1631.sol,0,0,0,1,0,0,0,1
g2_16521.sol,0,0,0,1,0,0,0,1
g2_16643.sol,0,0,0,0,0,0,1,1
g2_1668.sol,0,0,0,0,0,0,0,0
g2_169.sol,0,0,0,1,0,0,0,1
g2_16925.sol,1,0,0,0,0,0,0,1
g2_16957.sol,0,0,0,1,0,0,0,1
g2_170.sol,0,0,0,1,0,0,0,1
g2_17043.sol,1,0,0,0,1,0,0,1
g2_17401.sol,0,0,0,0,0,0,0,0
g2_176.sol,0,0,0,1,0,0,0,1
g2_177.sol,0,0,0,0,0,0,0,0
g2_17829.sol,0,0,0,0,0,0,1,1
g2_1813.sol,0,0,0,0,0,0,0,0
g2_1825.sol,0,0,0,0,0,0,0,0
g2_18509.sol,1,0,0,0,0,0,1,1
g2_19128.sol,0,0,0,0,0,0,1,1
g2_19925.sol,0,0,0,0,0,0,1,1
g2_2.sol,0,0,0,0,0,0,0,0
g2_2000.sol,0,0,0,0,0,0,0,0
g2_2051.sol,0,0,0,0,0,0,0,0
g2_211.sol,0,0,0,1,0,0,0,1
g2_21162.sol,0,0,0,0,0,0,0,0
g2_21241.sol,0,0,0,0,0,0,0,0
g2_21393.sol,0,0,0,1,0,0,0,1
g2_21404.sol,0,0,0,1,0,0,0,1
g2_21697.sol,0,0,0,0,0,0,0,0
g2_22074.sol,0,0,0,0,0,0,0,0
g2_22247.sol,1,0,0,0,0,0,0,1
g2_22416.sol,1,0,0,0,0,0,1,1
g2_2253.sol,0,0,0,0,0,0,0,0
g2_22635.sol,0,0,0,0,0,0,0,0
g2_2307.sol,0,0,0,0,0,0,1,1
g2_23792.sol,0,0,0,0,0,0,0,0
g2_2397.sol,0,0,0,0,0,0,0,0
g2_2399.sol,0,0,0,1,0,0,0,1
g2_24161.sol,1,0,0,0,0,0,0,1
g2_24648.sol,0,0,0,0,0,0,0,0
g2_2563.sol,0,0,0,0,0,0,0,0
g2_26188.sol,0,0,0,0,0,0,0,0
g2_26742.sol,1,0,0,0,0,0,1,1
g2_27263.sol,0,0,0,0,0,0,1,1
g2_29089.sol,1,0,0,0,0,0,0,1
g2_29130.sol,0,0,0,0,0,0,1,1
g2_29409.sol,0,0,0,0,0,0,0,0
g2_3.sol,0,0,0,0,0,0,0,0
g2_30101.sol,0,0,0,0,0,0,1,1
g2_30337.sol,0,0,0,0,0,0,1,1
g2_30396.sol,0,0,0,1,0,0,0,1
g2_30813.sol,0,0,0,0,0,0,0,0
g2_30815.sol,0,0,0,0,0,0,0,0
g2_31497.sol,0,0,0,0,0,0,1,1
g2_31759.sol,0,0,0,0,0,0,1,1
g2_318.sol,0,0,0,1,0,0,0,1
g2_3185.sol,0,0,0,0,0,0,0,0
g2_3211.sol,1,0,0,0,0,0,1,1
g2_32175.sol,0,0,0,0,0,0,0,0
g2_32522.sol,0,0,0,0,0,0,1,1
g2_3270.sol,0,0,0,0,0,0,1,1
g2_339.sol,0,0,0,1,0,0,0,1
g2_34442.sol,0,0,0,0,0,0,0,0
g2_35285.sol,0,0,0,1,0,0,0,1
g2_35358.sol,0,0,0,1,0,0,0,1
g2_3543.sol,0,0,0,1,0,0,0,1
g2_3554.sol,0,0,0,0,0,0,0,0
g2_35661.sol,0,0,0,0,0,0,1,1
g2_35713.sol,0,0,0,0,0,0,1,1
g2_35806.sol,0,0,0,0,0,0,0,0
g2_36481.sol,0,0,0,0,0,0,1,1
g2_3654.sol,0,0,0,1,0,0,0,1
g2_3702.sol,0,0,0,0,0,0,0,0
g2_37707.sol,1,0,0,0,0,0,0,1
g2_37891.sol,0,0,0,0,0,0,0,0
g2_38057.sol,0,0,0,0,0,0,0,0
g2_38828.sol,0,0,0,0,0,0,1,1
g2_38876.sol,0,0,0,1,0,0,1,1
g2_38925.sol,0,0,0,0,0,0,0,0
g2_39019.sol,1,0,0,0,0,0,1,1
g2_39095.sol,0,0,0,0,0,0,0,0
g2_39151.sol,0,0,0,0,0,0,1,1
g2_39199.sol,0,0,0,0,0,0,1,1
g2_39268.sol,0,0,0,0,0,0,0,0
g2_39341.sol,0,0,0,0,0,0,1,1
g2_39559.sol,0,0,0,0,0,0,0,0
g2_39583.sol,0,0,0,0,0,0,0,0
g2_39644.sol,0,0,0,0,0,0,1,1
g2_39684.sol,0,0,0,0,0,0,1,1
g2_39705.sol,0,0,0,0,0,0,1,1
g2_39778.sol,1,0,0,0,0,0,1,1
g2_39817.sol,0,0,0,0,0,0,1,1
g2_39866.sol,1,0,0,0,0,0,1,1
g2_4.sol,0,0,0,0,0,0,0,0
g2_400.sol,0,0,0,1,0,0,0,1
g2_40005.sol,0,0,0,0,0,0,0,0
g2_40089.sol,0,0,0,0,0,0,1,1
g2_40092.sol,0,0,0,0,0,0,1,1
g2_40249.sol,0,0,0,0,0,0,1,1
g2_40252.sol,0,0,0,1,0,0,0,1
g2_40336.sol,0,0,0,0,0,0,1,1
g2_40340.sol,0,1,0,0,0,0,1,1
g2_40353.sol,0,0,0,0,0,0,1,1
g2_40366.sol,0,0,0,0,0,0,1,1
g2_40413.sol,0,0,0,0,0,0,1,1
g2_40415.sol,1,0,0,0,0,0,1,1
g2_40425.sol,0,0,0,0,0,0,1,1
g2_40499.sol,1,0,0,0,0,0,1,1
g2_40500.sol,0,0,0,0,0,0,1,1
g2_40732.sol,1,0,0,0,0,0,0,1
g2_40733.sol,0,0,0,0,0,0,1,1
g2_40735.sol,0,0,0,0,0,0,1,1
g2_40736.sol,1,0,0,0,0,0,1,1
g2_40745.sol,1,0,0,0,0,0,0,1
g2_40746.sol,1,0,0,0,0,0,1,1
g2_40747.sol,1,1,0,0,0,0,0,1
g2_40748.sol,1,0,0,0,0,0,1,1
g2_40749.sol,1,0,0,0,0,0,0,1
g2_40750.sol,0,0,0,0,0,0,1,1
g2_40753.sol,1,0,0,0,0,0,1,1
g2_40754.sol,1,0,0,0,0,0,1,1
g2_40756.sol,1,0,0,0,0,0,0,1
g2_40760.sol,0,0,0,0,0,0,0,0
g2_40768.sol,0,0,0,0,0,0,1,1
g2_40770.sol,1,0,0,0,0,0,0,1
g2_40780.sol,1,0,0,0,0,0,0,1
g2_419.sol,0,0,0,0,0,0,0,0
g2_42.sol,0,0,0,0,0,0,0,0
g2_44.sol,0,0,0,1,0,0,0,1
g2_4474.sol,0,0,0,1,0,0,0,1
g2_4523.sol,0,0,0,1,0,0,0,1
g2_4598.sol,0,0,0,0,0,0,1,1
g2_4832.sol,1,0,0,0,0,0,1,1
g2_4926.sol,0,0,0,1,0,0,0,1
g2_496.sol,0,0,0,1,0,0,0,1
g2_4993.sol,0,0,0,1,0,0,0,1
g2_5.sol,0,0,0,0,0,0,0,0
g2_50000.sol,0,0,0,0,0,0,1,1
g2_50001.sol,0,0,0,0,0,0,1,1
g2_50002.sol,1,0,0,0,0,0,0,1
g2_50007.sol,1,0,0,0,0,0,1,1
g2_50010.sol,1,0,0,0,0,0,1,1
g2_50013.sol,1,0,0,0,0,0,0,1
g2_50014.sol,1,0,0,0,0,0,0,1
g2_50015.sol,1,0,0,0,0,0,1,1
g2_50021.sol,1,0,0,0,0,0,0,1
g2_50026.sol,1,0,0,0,0,0,1,1
g2_50027.sol,0,0,0,0,0,0,1,1
g2_50030.sol,1,0,0,0,0,0,1,1
g2_50036.sol,1,0,0,0,0,0,1,1
g2_50062.sol,0,0,0,1,0,0,0,1
g2_50215.sol,0,0,0,1,0,0,0,1
g2_50217.sol,0,0,0,1,0,0,0,1
g2_50219.sol,0,0,0,0,0,0,0,0
g2_50221.sol,0,0,0,1,0,0,0,1
g2_50330.sol,0,0,0,0,0,0,0,0
g2_50331.sol,1,0,0,0,0,0,0,1
g2_50336.sol,0,0,0,0,0,0,0,0
g2_50337.sol,0,0,0,0,0,0,0,0
g2_50338.sol,0,0,0,0,0,0,0,0
g2_50339.sol,0,0,0,0,0,0,0,0
g2_50440.sol,0,0,0,0,0,0,0,0
g2_50441.sol,0,0,0,1,0,0,0,1
g2_50442.sol,0,0,0,1,0,0,0,1
g2_50444.sol,0,0,0,0,0,0,0,0
g2_50445.sol,0,0,0,1,0,0,0,1
g2_50446.sol,0,0,0,0,0,0,0,0
g2_50447.sol,0,0,0,0,0,0,0,0
g2_50449.sol,0,0,0,0,0,0,0,0
g2_50550.sol,0,0,0,0,0,0,0,0
g2_50551.sol,0,0,0,1,0,0,0,1
g2_50553.sol,0,0,0,0,0,0,0,0
g2_50554.sol,0,0,0,0,0,0,0,0
g2_50555.sol,0,0,0,0,0,0,0,0
g2_50557.sol,0,0,0,1,0,0,0,1
g2_50558.sol,0,0,0,0,0,0,0,0
g2_50559.sol,0,0,0,0,0,0,0,0
g2_50660.sol,1,0,0,0,0,0,1,1
g2_50661.sol,0,0,0,0,0,0,0,0
g2_50662.sol,0,0,0,0,0,0,1,1
g2_50663.sol,0,0,0,1,0,0,0,1
g2_50664.sol,0,0,0,1,0,0,0,1
g2_50665.sol,0,0,0,0,0,0,0,0
g2_50666.sol,0,0,0,0,0,0,0,0
g2_50668.sol,0,0,0,0,0,0,0,0
g2_50669.sol,0,0,0,0,0,0,0,0
g2_50770.sol,0,0,0,0,0,0,0,0
g2_50771.sol,1,0,0,0,0,0,0,1
g2_50773.sol,0,0,0,0,0,0,0,0
g2_50774.sol,1,0,0,0,0,0,1,1
g2_50775.sol,0,0,0,0,0,0,1,1
g2_50776.sol,0,0,0,0,0,0,1,1
g2_50777.sol,0,0,0,0,0,0,0,0
g2_50778.sol,0,0,0,0,1,0,0,1
g2_50779.sol,1,0,0,0,0,0,0,1
g2_50780.sol,1,0,0,0,0,0,0,1
g2_50781.sol,1,0,0,0,0,0,1,1
g2_50782.sol,0,0,0,0,0,0,0,0
g2_50783.sol,1,0,0,0,0,0,0,1
g2_50784.sol,0,0,0,0,0,0,0,0
g2_50785.sol,0,0,0,1,0,0,0,1
g2_50786.sol,1,0,0,0,0,0,0,1
g2_50787.sol,0,0,0,0,0,0,1,1
g2_50788.sol,1,0,0,0,0,0,1,1
g2_50789.sol,0,0,0,0,0,0,0,0
g2_50791.sol,0,0,0,0,0,0,1,1
g2_50792.sol,1,0,0,0,0,0,1,1
g2_50793.sol,0,0,0,0,0,0,0,0
g2_50794.sol,0,0,0,1,0,0,0,1
g2_50795.sol,0,0,0,0,0,0,0,0
g2_50798.sol,0,0,0,0,0,0,1,1
g2_50799.sol,0,0,0,0,0,0,0,0
g2_5142.sol,0,0,0,1,0,0,0,1
g2_538.sol,0,0,0,1,0,0,0,1
g2_5629.sol,1,0,0,0,0,0,0,1
g2_595.sol,0,0,0,1,0,0,0,1
g2_6192.sol,0,0,0,0,0,0,1,1
g2_625.sol,0,0,0,1,0,0,0,1
g2_6272.sol,0,0,0,0,0,0,0,0
g2_649.sol,0,0,0,1,0,0,0,1
g2_650.sol,0,0,0,1,0,0,0,1
g2_6603.sol,0,0,0,0,0,0,1,1
g2_6606.sol,1,0,0,0,0,0,1,1
g2_666.sol,0,0,0,0,0,0,0,0
g2_711.sol,0,0,0,0,0,0,0,0
g2_7134.sol,0,0,0,1,0,0,0,1
g2_7330.sol,0,0,0,1,0,0,0,1
g2_737.sol,0,0,0,0,0,0,0,0
g2_738.sol,0,0,0,1,0,0,0,1
g2_740.sol,0,0,0,0,0,0,0,0
g2_7570.sol,0,0,0,0,0,0,0,0
g2_7593.sol,0,0,0,1,0,0,0,1
g2_797.sol,0,0,0,0,0,0,0,0
g2_8026.sol,0,0,0,0,0,0,0,0
g2_8342.sol,0,0,0,0,0,0,1,1
g2_84.sol,0,0,0,0,0,0,0,0
g2_8606.sol,0,0,0,0,0,0,0,0
g2_883.sol,0,0,0,0,0,0,0,0
g2_8872.sol,0,0,0,0,0,0,1,1
g2_9208.sol,0,0,0,1,0,0,0,1
g2_9230.sol,0,0,0,0,0,0,0,0
g2_9428.sol,0,0,0,1,0,0,0,1
g2_948.sol,0,0,0,0,0,0,0,0
g2_9850.sol,0,0,0,0,0,0,0,0
g3_1.sol,0,0,0,1,0,0,0,1
g3_10.sol,0,0,0,1,0,0,0,1
g3_10615.sol,0,0,0,0,0,0,1,1
g3_10674.sol,0,0,0,0,0,0,1,1
g3_10675.sol,0,0,0,0,0,0,1,1
g3_10726.sol,0,0,0,0,0,0,1,1
g3_11.sol,0,0,0,1,0,0,0,1
g3_1138.sol,0,0,0,0,0,0,1,1
g3_12.sol,0,0,0,1,0,0,0,1
g3_12692.sol,0,0,0,0,0,0,1,1
g3_13.sol,0,0,0,0,0,0,0,0
g3_13000.sol,0,0,0,0,0,0,1,1
g3_13012.sol,0,0,0,0,0,0,1,1
g3_13013.sol,0,0,0,0,0,0,1,1
g3_14.sol,0,0,0,0,0,0,0,0
g3_14070.sol,0,0,0,0,0,0,1,1
g3_1517.sol,0,0,0,0,0,0,0,0
g3_1518.sol,0,0,0,0,0,0,0,0
g3_16.sol,0,0,0,0,0,0,0,0
g3_16372.sol,0,0,0,0,0,0,1,1
g3_16637.sol,0,0,0,0,0,0,1,1
g3_17.sol,0,0,0,0,0,0,1,1
g3_18.sol,0,0,0,0,0,0,1,1
g3_1831.sol,0,0,0,0,0,0,1,1
g3_19.sol,0,0,0,0,0,0,1,1
g3_19032.sol,0,0,0,0,0,0,1,1
g3_2.sol,0,0,0,1,0,0,0,1
g3_20.sol,0,0,0,1,0,0,0,1
g3_2004.sol,0,0,0,0,0,0,0,0
g3_2025.sol,0,0,0,0,0,0,1,1
g3_21.sol,0,0,0,0,0,0,1,1
g3_22.sol,0,0,0,0,0,0,0,0
g3_22139.sol,0,0,0,0,0,0,1,1
g3_22229.sol,0,0,0,0,0,0,0,0
g3_22364.sol,0,0,0,0,0,0,1,1
g3_22370.sol,0,0,0,0,0,0,1,1
g3_22613.sol,0,0,0,0,0,0,1,1
g3_22943.sol,0,0,0,0,0,0,1,1
g3_23.sol,0,0,0,1,0,0,0,1
g3_23089.sol,0,0,0,0,0,0,1,1
g3_2349.sol,0,0,0,0,0,0,1,1
g3_2350.sol,0,0,0,0,0,0,1,1
g3_23694.sol,0,0,0,0,0,0,1,1
g3_24.sol,0,0,0,0,0,0,1,1
g3_24277.sol,0,0,0,0,0,0,1,1
g3_25.sol,0,0,0,0,0,0,1,1
g3_26.sol,0,0,0,1,0,0,0,1
g3_26920.sol,0,0,0,0,0,0,1,1
g3_27.sol,0,0,0,1,0,0,0,1
g3_27767.sol,0,0,0,0,0,0,1,1
g3_28.sol,0,0,0,1,0,0,0,1
g3_29.sol,0,0,0,0,0,0,1,1
g3_3.sol,0,0,0,1,0,0,0,1
g3_30.sol,0,0,0,0,0,0,1,1
g3_30357.sol,0,0,0,0,0,0,1,1
g3_31.sol,0,0,0,0,0,0,1,1
g3_3123.sol,0,0,0,0,0,0,0,0
g3_3124.sol,0,0,0,0,0,0,0,0
g3_317.sol,0,0,0,0,0,0,1,1
g3_32.sol,0,0,0,1,0,0,0,1
g3_33.sol,0,0,0,0,0,0,0,0
g3_33425.sol,0,0,0,0,0,0,1,1
g3_33727.sol,0,0,0,0,0,0,1,1
g3_33741.sol,0,0,0,0,0,0,1,1
g3_33930.sol,0,0,0,0,0,0,1,1
g3_34.sol,0,0,0,0,0,0,1,1
g3_35.sol,0,0,0,0,0,0,0,0
g3_3541.sol,0,0,0,0,0,0,1,1
g3_36.sol,0,0,0,0,0,0,1,1
g3_37.sol,0,0,0,0,0,0,0,0
g3_38.sol,0,0,0,1,0,0,0,1
g3_39.sol,0,0,0,0,0,0,1,1
g3_39979.sol,0,0,0,0,0,0,1,1
g3_4.sol,0,0,0,0,0,0,0,0
g3_40.sol,0,0,0,1,0,0,0,1
g3_40204.sol,0,0,0,0,0,0,1,1
g3_40433.sol,0,0,0,0,0,0,1,1
g3_41.sol,0,0,0,0,0,0,0,0
g3_42.sol,0,0,0,1,0,0,1,1
g3_43.sol,0,0,0,0,0,0,0,0
g3_45.sol,0,0,0,0,0,0,0,0
g3_46.sol,0,0,0,1,0,0,0,1
g3_47.sol,0,0,0,1,0,0,0,1
g3_48.sol,0,0,0,1,0,0,0,1
g3_49.sol,0,0,0,1,0,0,0,1
g3_5.sol,0,0,0,0,0,0,0,0
g3_50.sol,0,0,0,1,0,0,0,1
g3_50000.sol,0,0,0,0,0,0,1,1
g3_50003.sol,0,0,0,0,0,0,1,1
g3_50005.sol,0,0,0,0,0,0,1,1
g3_50006.sol,0,0,0,0,0,0,0,0
g3_50007.sol,0,0,0,0,0,0,1,1
g3_50008.sol,0,0,0,0,0,0,1,1
g3_50010.sol,0,0,0,0,0,0,1,1
g3_50012.sol,0,0,0,0,0,0,1,1
g3_50017.sol,0,0,0,0,0,0,1,1
g3_50019.sol,0,0,0,0,0,0,1,1
g3_50020.sol,0,0,0,0,0,0,1,1
g3_50021.sol,0,0,0,0,0,0,1,1
g3_50022.sol,0,0,0,0,0,0,1,1
g3_50023.sol,0,0,0,0,0,0,1,1
g3_50024.sol,0,0,0,0,0,0,1,1
g3_50025.sol,0,0,0,0,0,0,1,1
g3_50026.sol,0,0,0,0,0,0,1,1
g3_50027.sol,0,0,0,0,0,0,1,1
g3_50028.sol,0,0,0,0,0,0,1,1
g3_50029.sol,0,0,0,0,0,0,1,1
g3_50031.sol,0,0,0,0,0,0,1,1
g3_50032.sol,0,0,0,0,0,0,1,1
g3_50033.sol,0,0,0,0,0,0,1,1
g3_50034.sol,0,0,0,0,0,0,1,1
g3_50035.sol,0,0,0,0,0,0,1,1
g3_50036.sol,0,0,0,0,0,0,1,1
g3_50037.sol,0,0,0,0,0,0,0,0
g3_50038.sol,0,0,0,0,0,0,1,1
g3_50039.sol,0,0,0,0,0,0,1,1
g3_50040.sol,0,0,0,0,0,0,1,1
g3_50041.sol,0,0,0,0,0,0,1,1
g3_50042.sol,0,0,0,0,0,0,1,1
g3_50043.sol,0,0,0,0,0,0,0,0
g3_50044.sol,0,0,0,0,0,0,0,0
g3_50045.sol,0,0,0,0,0,0,0,0
g3_50047.sol,0,0,0,0,0,0,1,1
g3_50048.sol,0,0,0,0,0,0,1,1
g3_50049.sol,0,0,0,0,0,0,1,1
g3_50050.sol,0,0,0,0,0,0,1,1
g3_50051.sol,0,0,0,0,0,0,1,1
g3_50052.sol,0,0,0,0,0,0,1,1
g3_50054.sol,0,0,0,0,0,0,1,1
g3_50055.sol,0,0,0,0,0,0,1,1
g3_50056.sol,0,0,0,0,0,0,1,1
g3_50057.sol,0,0,0,0,0,0,1,1
g3_50058.sol,0,0,0,0,0,0,1,1
g3_50059.sol,0,0,0,0,0,0,1,1
g3_50061.sol,0,0,0,0,0,0,1,1
g3_50062.sol,0,0,0,0,0,0,1,1
g3_50063.sol,0,0,0,0,0,0,1,1
g3_50065.sol,0,0,0,0,0,0,1,1
g3_50066.sol,0,0,0,0,0,0,1,1
g3_50067.sol,0,0,0,0,0,0,1,1
g3_50068.sol,0,0,0,0,0,0,1,1
g3_50069.sol,0,0,0,0,0,0,1,1
g3_51.sol,0,0,0,0,0,0,1,1
g3_510.sol,0,0,0,0,0,0,1,1
g3_51000.sol,0,0,0,0,0,0,1,1
g3_51001.sol,0,0,0,0,0,0,1,1
g3_52.sol,0,0,0,0,0,0,0,0
g3_53.sol,1,0,0,0,0,0,0,1
g3_54.sol,0,0,0,1,0,0,0,1
g3_5438.sol,0,0,0,0,0,0,1,1
g3_55.sol,0,0,0,0,0,0,0,0
g3_56.sol,1,0,0,0,0,0,0,1
g3_57.sol,0,0,0,0,0,0,1,1
g3_5732.sol,0,0,0,0,0,0,1,1
g3_58.sol,1,0,0,0,0,0,0,1
g3_59.sol,0,0,0,1,0,0,0,1
g3_592.sol,0,0,0,0,0,0,1,1
g3_6.sol,0,0,0,0,0,0,0,0
g3_60.sol,0,0,0,0,0,0,0,0
g3_6043.sol,0,0,0,0,0,0,0,0
g3_6044.sol,0,0,0,0,0,0,0,0
g3_61.sol,0,0,0,0,0,0,0,0
g3_62.sol,0,0,0,0,0,0,0,0
g3_63.sol,0,0,0,0,0,0,0,0
g3_64.sol,0,0,0,0,0,0,1,1
g3_65.sol,0,0,0,0,0,0,0,0
g3_652.sol,0,0,0,0,0,0,1,1
g3_653.sol,0,0,0,0,0,0,1,1
g3_66.sol,0,0,0,0,0,0,0,0
g3_67.sol,0,0,0,1,0,0,0,1
g3_68.sol,0,0,0,0,0,0,0,0
g3_69.sol,0,0,0,1,0,0,0,1
g3_7.sol,0,0,0,0,0,0,1,1
g3_70.sol,1,0,0,0,0,0,1,1
g3_7003.sol,0,0,0,0,0,0,1,1
g3_7066.sol,0,0,0,0,0,0,0,0
g3_71.sol,0,0,0,0,0,0,0,0
g3_72.sol,0,0,0,0,0,0,1,1
g3_73.sol,0,0,0,0,0,0,0,0
g3_74.sol,0,0,0,0,0,0,0,0
g3_75.sol,0,0,0,0,0,0,0,0
g3_76.sol,0,0,0,0,0,0,0,0
g3_77.sol,0,0,0,0,0,0,0,0
g3_78.sol,0,0,0,0,0,0,0,0
g3_79.sol,0,0,0,0,0,0,1,1
g3_8.sol,0,0,0,0,0,0,1,1
g3_80.sol,0,0,0,1,0,0,0,1
g3_81.sol,0,0,0,0,0,0,1,1
g3_82.sol,1,0,0,0,1,0,0,1
g3_83.sol,0,0,0,0,0,0,1,1
g3_8304.sol,0,0,0,0,0,0,1,1
g3_84.sol,0,0,0,0,0,0,0,0
g3_85.sol,0,0,0,1,0,0,0,1
g3_9.sol,0,0,0,1,0,0,0,1
g3_9326.sol,0,0,0,0,0,0,1,1
g3_9950.sol,0,0,0,0,0,0,1,1
g4_1014.sol,0,0,0,0,0,0,0,0
g4_10146.sol,0,0,0,0,0,0,0,0
g4_1015.sol,0,0,0,0,0,0,0,0
g4_10233.sol,0,0,0,1,0,0,0,1
g4_10295.sol,0,0,0,0,0,0,0,0
g4_10342.sol,0,0,0,1,0,0,0,1
g4_10369.sol,0,0,0,0,0,0,0,0
g4_10547.sol,0,0,0,0,0,0,0,0
g4_1057.sol,0,0,0,0,0,0,0,0
g4_10736.sol,0,0,0,1,0,0,0,1
g4_10855.sol,0,0,0,1,0,0,0,1
g4_11064.sol,0,0,0,1,0,0,0,1
g4_1115.sol,0,0,0,0,0,0,0,0
g4_11159.sol,0,0,0,0,0,0,0,0
g4_11243.sol,0,0,0,0,0,0,0,0
g4_11323.sol,0,0,0,0,0,0,0,0
g4_11330.sol,0,0,0,0,0,0,0,0
g4_11346.sol,0,0,0,0,0,0,0,0
g4_11457.sol,0,0,0,1,0,0,0,1
g4_11798.sol,0,0,0,0,0,0,0,0
g4_1181.sol,0,0,0,1,0,0,0,1
g4_1182.sol,0,0,0,1,0,0,0,1
g4_1183.sol,0,0,0,0,0,0,0,0
g4_11931.sol,0,0,0,0,0,0,0,0
g4_11964.sol,0,0,0,1,0,0,0,1
g4_12044.sol,0,0,0,1,0,0,1,1
g4_12115.sol,0,0,0,0,0,0,0,0
g4_1226.sol,0,0,0,1,0,0,0,1
g4_12292.sol,0,0,0,0,0,0,0,0
g4_12321.sol,0,0,0,0,0,0,0,0
g4_12393.sol,0,0,0,0,0,0,0,0
g4_124.sol,0,0,0,0,0,0,0,0
g4_1246.sol,0,0,0,0,0,0,0,0
g4_12460.sol,0,0,0,0,0,0,0,0
g4_12465.sol,0,0,0,1,0,0,0,1
g4_12466.sol,0,0,0,1,0,0,0,1
g4_1256.sol,0,0,0,0,0,0,0,0
g4_12688.sol,0,0,0,1,0,0,0,1
g4_12689.sol,0,0,0,0,0,0,0,0
g4_12715.sol,0,0,0,1,0,0,0,1
g4_1284.sol,0,0,0,0,0,0,0,0
g4_12841.sol,0,0,0,0,0,0,0,0
g4_12856.sol,0,0,0,1,0,0,0,1
g4_1288.sol,0,0,0,1,0,0,0,1
g4_12894.sol,0,0,0,0,0,0,0,0
g4_12898.sol,0,0,0,1,0,0,0,1
g4_12919.sol,0,0,0,0,0,0,0,0
g4_12998.sol,0,1,0,0,0,0,0,1
g4_13069.sol,0,0,0,0,0,0,0,0
g4_1313.sol,0,0,0,1,0,0,0,1
g4_1318.sol,0,0,0,0,0,0,0,0
g4_1319.sol,0,0,0,0,0,0,0,0
g4_13283.sol,0,0,0,1,0,0,0,1
g4_13293.sol,0,0,0,1,0,0,0,1
g4_13371.sol,0,0,0,0,0,0,0,0
g4_134.sol,0,0,0,0,0,0,0,0
g4_13413.sol,0,0,0,0,0,0,0,0
g4_135.sol,0,0,0,0,0,0,0,0
g4_136.sol,0,0,0,1,0,0,0,1
g4_13657.sol,0,0,0,0,0,0,0,0
g4_137.sol,0,0,0,1,0,0,0,1
g4_13723.sol,0,0,0,1,0,0,0,1
g4_13780.sol,0,0,0,0,0,0,0,0
g4_13993.sol,0,0,0,1,0,0,0,1
g4_1404.sol,0,0,0,0,0,0,0,0
g4_14351.sol,0,0,0,1,0,0,0,1
g4_14381.sol,0,0,0,0,0,0,0,0
g4_14439.sol,0,0,0,1,0,0,0,1
g4_1445.sol,1,0,0,1,0,0,0,1
g4_14634.sol,0,0,0,1,0,0,0,1
g4_14711.sol,0,0,0,0,0,0,0,0
g4_14872.sol,0,0,0,1,0,0,0,1
g4_14928.sol,0,0,0,1,0,0,0,1
g4_14997.sol,0,0,0,0,0,0,0,0
g4_15.sol,0,0,0,0,0,0,0,0
g4_15038.sol,0,0,0,1,0,0,0,1
g4_1532.sol,0,0,0,0,0,0,0,0
g4_1533.sol,0,0,0,0,0,0,0,0
g4_15566.sol,0,0,0,1,0,0,0,1
g4_15641.sol,0,0,0,1,0,0,0,1
g4_15671.sol,0,0,0,1,0,0,0,1
g4_15822.sol,0,0,0,0,0,0,0,0
g4_15930.sol,0,0,0,0,0,0,0,0
g4_16018.sol,0,0,0,1,0,0,0,1
g4_1631.sol,0,0,0,1,0,0,0,1
g4_16407.sol,0,0,0,1,0,0,0,1
g4_16521.sol,0,0,0,1,0,0,0,1
g4_1667.sol,0,0,0,1,0,0,0,1
g4_1668.sol,0,0,0,0,0,0,0,0
g4_169.sol,0,0,0,1,0,0,0,1
g4_16957.sol,0,0,0,1,0,0,0,1
g4_16979.sol,0,0,0,1,0,0,0,1
g4_170.sol,0,0,0,1,0,0,0,1
g4_17401.sol,0,0,0,0,0,0,0,0
g4_176.sol,0,0,0,1,0,0,0,1
g4_177.sol,0,0,0,0,0,0,0,0
g4_17806.sol,0,0,0,0,0,0,0,0
g4_17816.sol,0,0,0,0,0,0,0,0
g4_1813.sol,0,0,0,0,0,0,0,0
g4_1824.sol,0,0,0,1,0,0,0,1
g4_1825.sol,0,0,0,0,0,0,0,0
g4_1851.sol,0,0,0,0,0,0,0,0
g4_18975.sol,0,0,0,0,0,0,0,0
g4_19182.sol,0,0,0,0,0,0,0,0
g4_19294.sol,0,0,0,0,0,0,0,0
g4_1954.sol,1,0,0,1,0,0,0,1
g4_19692.sol,0,0,0,0,0,0,0,0
g4_19714.sol,0,0,0,1,0,0,0,1
g4_20057.sol,0,0,0,1,0,0,0,1
g4_20259.sol,0,0,0,1,0,0,0,1
g4_2051.sol,0,0,0,0,0,0,0,0
g4_20888.sol,0,0,0,0,0,0,0,0
g4_20930.sol,1,0,0,0,0,0,0,1
g4_211.sol,0,0,0,1,0,0,0,1
g4_21162.sol,0,0,0,0,0,0,0,0
g4_212.sol,0,0,0,1,0,0,0,1
g4_21393.sol,0,0,0,1,0,0,0,1
g4_21404.sol,0,0,0,1,0,0,0,1
g4_21890.sol,0,0,0,0,0,0,0,0
g4_22155.sol,0,0,0,1,0,0,0,1
g4_22256.sol,0,0,0,1,0,0,0,1
g4_22272.sol,0,0,0,1,0,0,0,1
g4_2252.sol,0,0,0,0,0,0,0,0
g4_2253.sol,0,0,0,0,0,0,0,0
g4_22734.sol,0,0,0,0,0,0,0,0
g4_2379.sol,0,0,0,0,0,0,0,0
g4_2397.sol,0,0,0,0,0,0,0,0
g4_2399.sol,0,0,0,1,0,0,0,1
g4_2563.sol,0,0,0,0,0,0,0,0
g4_2688.sol,0,0,0,1,0,0,0,1
g4_27455.sol,0,0,0,0,0,0,0,0
g4_2777.sol,0,0,0,0,0,0,0,0
g4_28101.sol,0,0,0,0,0,0,0,0
g4_28359.sol,0,0,0,1,0,0,0,1
g4_28383.sol,0,0,0,0,0,0,0,0
g4_29084.sol,0,0,0,0,0,0,0,0
g4_29131.sol,0,0,0,1,0,0,0,1
g4_29409.sol,0,0,0,0,0,0,0,0
g4_30060.sol,0,0,0,1,0,0,0,1
g4_30343.sol,1,0,0,1,0,0,0,1
g4_30396.sol,0,0,0,1,0,0,0,1
g4_30507.sol,0,0,0,0,0,0,0,0
g4_30772.sol,0,0,0,0,0,0,0,0
g4_30813.sol,0,0,0,0,0,0,0,0
g4_30815.sol,0,0,0,0,0,0,0,0
g4_30925.sol,0,0,0,0,0,0,0,0
g4_30939.sol,0,0,0,0,0,0,0,0
g4_30963.sol,0,0,0,0,0,0,0,0
g4_30976.sol,0,0,0,0,0,0,0,0
g4_31551.sol,0,0,0,1,0,0,0,1
g4_31758.sol,0,0,0,0,0,0,0,0
g4_318.sol,0,0,0,1,0,0,0,1
g4_31812.sol,0,0,0,0,0,0,0,0
g4_3185.sol,0,0,0,0,0,0,0,0
g4_31867.sol,0,0,0,1,0,0,0,1
g4_31892.sol,0,0,0,0,0,0,0,0
g4_31999.sol,0,0,0,0,0,0,0,0
g4_32007.sol,0,0,0,0,0,0,0,0
g4_32175.sol,0,0,0,0,0,0,0,0
g4_33217.sol,0,0,0,0,0,0,0,0
g4_33575.sol,0,0,0,1,0,0,0,1
g4_33638.sol,0,0,0,0,0,0,0,0
g4_33711.sol,0,0,0,0,0,0,0,0
g4_339.sol,0,0,0,1,0,0,0,1
g4_33974.sol,0,0,0,0,0,0,0,0
g4_34068.sol,1,0,0,1,0,0,0,1
g4_34272.sol,0,0,0,1,0,0,0,1
g4_3434.sol,0,0,0,0,0,0,0,0
g4_34442.sol,0,0,0,0,0,0,0,0
g4_34575.sol,0,0,0,0,0,0,0,0
g4_347.sol,0,0,0,0,0,0,0,0
g4_34725.sol,0,0,0,1,0,0,0,1
g4_34995.sol,0,0,0,0,0,0,0,0
g4_35257.sol,0,0,0,0,0,0,0,0
g4_35268.sol,0,0,0,0,0,0,0,0
g4_35285.sol,0,0,0,1,0,0,0,1
g4_35322.sol,0,0,0,0,0,0,0,0
g4_35358.sol,0,0,0,1,0,0,0,1
g4_3543.sol,0,0,0,1,0,0,0,1
g4_3554.sol,0,0,0,0,0,0,0,0
g4_3555.sol,0,0,0,0,0,0,0,0
g4_35551.sol,0,0,0,1,0,0,0,1
g4_35897.sol,0,0,0,1,0,0,0,1
g4_36451.sol,0,0,0,0,0,0,0,0
g4_3654.sol,0,0,0,1,0,0,0,1
g4_36661.sol,0,0,0,0,0,0,0,0
g4_36737.sol,0,0,0,1,0,0,0,1
g4_36852.sol,0,0,0,0,0,0,0,0
g4_37017.sol,0,0,0,0,0,0,0,0
g4_3702.sol,0,0,0,0,0,0,0,0
g4_37155.sol,0,0,0,0,0,0,0,0
g4_37221.sol,0,0,0,0,0,0,0,0
g4_37274.sol,0,0,0,0,0,0,0,0
g4_3729.sol,0,0,0,0,0,0,0,0
g4_37390.sol,0,0,0,0,0,0,0,0
g4_37514.sol,0,0,0,1,0,0,0,1
g4_37559.sol,0,0,0,1,0,0,0,1
g4_37672.sol,0,0,0,1,0,0,0,1
g4_37679.sol,0,0,0,1,0,0,0,1
g4_37683.sol,0,0,0,1,0,0,0,1
g4_37684.sol,0,0,0,1,0,0,0,1
g4_3772.sol,0,0,0,1,0,0,0,1
g4_37919.sol,0,0,0,1,0,0,0,1
g4_37920.sol,0,0,0,1,0,0,0,1
g4_38096.sol,0,0,0,1,0,0,0,1
g4_38239.sol,0,0,0,0,0,0,0,0
g4_38392.sol,0,0,0,0,0,0,0,0
g4_38421.sol,0,0,0,0,0,0,0,0
g4_38684.sol,0,0,0,0,0,0,0,0
g4_38709.sol,0,0,0,0,0,0,0,0
g4_38727.sol,0,0,0,0,0,0,0,0
g4_38888.sol,0,0,0,0,0,0,0,0
g4_38925.sol,0,0,0,0,0,0,0,0
g4_38947.sol,0,0,0,0,0,0,0,0
g4_38983.sol,0,0,0,0,0,0,0,0
g4_39091.sol,0,0,0,0,0,0,0,0
g4_39095.sol,0,0,0,0,0,0,0,0
g4_39114.sol,0,0,0,0,0,0,0,0
g4_39425.sol,0,0,0,0,0,0,0,0
g4_3952.sol,0,0,0,1,0,0,0,1
g4_39559.sol,0,0,0,0,0,0,0,0
g4_39583.sol,0,0,0,0,0,0,0,0
g4_39631.sol,0,0,0,0,0,0,0,0
g4_39715.sol,0,0,0,1,0,0,0,1
g4_39845.sol,0,0,0,0,0,0,0,0
g4_400.sol,0,0,0,1,0,0,0,1
g4_40005.sol,0,0,0,0,0,0,0,0
g4_40059.sol,0,0,0,0,0,0,0,0
g4_40154.sol,0,0,0,0,0,0,0,0
g4_40155.sol,0,0,0,1,0,0,0,1
g4_40239.sol,0,0,0,0,0,0,0,0
g4_40252.sol,0,0,0,1,0,0,0,1
g4_40419.sol,0,0,0,1,0,0,0,1
g4_40451.sol,1,0,0,0,0,0,0,1
g4_40497.sol,0,0,0,0,0,0,0,0
g4_40535.sol,0,0,0,0,0,0,0,0
g4_40539.sol,0,0,0,1,0,0,0,1
g4_40587.sol,1,0,1,0,0,0,0,1
g4_40611.sol,0,0,1,1,0,0,0,1
g4_40665.sol,1,0,1,0,0,0,0,1
g4_40726.sol,0,0,0,0,0,0,0,0
g4_40727.sol,0,0,0,0,0,0,0,0
g4_40733.sol,0,0,0,0,0,0,0,0
g4_40735.sol,0,0,0,0,0,0,0,0
g4_40736.sol,0,0,0,1,0,0,0,1
g4_40737.sol,0,0,0,1,0,0,0,1
g4_40738.sol,0,0,0,0,0,0,0,0
g4_40739.sol,0,0,0,1,0,0,0,1
g4_40740.sol,0,0,0,1,0,0,0,1
g4_40741.sol,0,0,0,0,0,0,0,0
g4_40742.sol,0,0,0,0,0,0,0,0
g4_40743.sol,0,0,0,1,0,0,0,1
g4_40744.sol,0,0,0,0,0,0,0,0
g4_40745.sol,0,0,0,1,0,0,0,1
g4_40746.sol,0,0,0,1,0,0,0,1
g4_40747.sol,0,0,0,1,0,0,0,1
g4_40748.sol,0,0,0,0,0,0,0,0
g4_40750.sol,0,0,0,0,0,0,0,0
g4_40751.sol,0,0,0,0,0,0,0,0
g4_40753.sol,0,0,0,0,0,0,0,0
g4_40754.sol,0,0,0,0,0,0,0,0
g4_40755.sol,0,0,0,0,0,0,0,0
g4_40756.sol,0,0,0,0,0,0,0,0
g4_40757.sol,0,0,0,0,0,0,0,0
g4_419.sol,0,0,0,0,0,0,0,0
g4_42.sol,0,0,0,0,0,0,0,0
g4_4225.sol,0,0,0,0,0,0,0,0
g4_44.sol,0,0,0,1,0,0,0,1
g4_4467.sol,0,0,0,1,0,0,0,1
g4_4474.sol,0,0,0,1,0,0,0,1
g4_4523.sol,0,0,0,1,0,0,0,1
g4_4524.sol,0,0,0,0,0,0,0,0
g4_4587.sol,0,0,0,0,0,0,0,0
g4_4588.sol,0,0,0,0,0,0,0,0
g4_4590.sol,0,0,0,0,0,0,0,0
g4_4717.sol,0,0,0,1,0,0,0,1
g4_4882.sol,0,0,0,1,0,0,0,1
g4_4922.sol,0,0,0,0,0,0,0,0
g4_4926.sol,0,0,0,1,0,0,0,1
g4_496.sol,0,0,0,1,0,0,0,1
g4_49728.sol,0,0,0,0,0,0,0,0
g4_4993.sol,0,0,0,1,0,0,0,1
g4_50001.sol,0,0,0,0,0,0,0,0
g4_50062.sol,0,0,0,1,0,0,0,1
g4_50063.sol,0,0,0,1,0,0,0,1
g4_50215.sol,0,0,0,1,0,0,0,1
g4_50216.sol,0,0,0,1,0,0,0,1
g4_50217.sol,0,0,0,1,0,0,0,1
g4_50219.sol,0,0,0,0,0,0,0,0
g4_50221.sol,0,0,0,1,0,0,0,1
g4_50222.sol,0,0,0,0,0,0,0,0
g4_5132.sol,0,0,0,1,0,0,0,1
g4_5142.sol,0,0,0,1,0,0,0,1
g4_5143.sol,0,0,0,0,0,0,0,0
g4_5164.sol,0,0,0,1,0,0,0,1
g4_5259.sol,0,0,0,1,0,0,0,1
g4_5339.sol,0,0,0,1,0,0,0,1
g4_538.sol,0,0,0,1,0,0,0,1
g4_578.sol,0,0,0,1,0,0,0,1
g4_5934.sol,0,0,0,1,0,0,0,1
g4_595.sol,0,0,0,1,0,0,0,1
g4_5975.sol,0,0,0,0,0,0,0,0
g4_6149.sol,0,0,0,0,0,0,0,0
g4_6199.sol,0,0,0,0,0,0,0,0
g4_6220.sol,0,0,0,1,0,0,0,1
g4_625.sol,0,0,0,1,0,0,0,1
g4_626.sol,0,0,0,1,0,0,0,1
g4_6272.sol,0,0,0,0,0,0,0,0
g4_6348.sol,0,0,0,0,0,0,0,0
g4_6369.sol,0,0,0,1,0,0,0,1
g4_649.sol,0,0,0,1,0,0,0,1
g4_650.sol,0,0,0,1,0,0,0,1
g4_6534.sol,0,0,0,1,0,0,0,1
g4_6578.sol,0,0,0,0,0,0,0,0
g4_666.sol,0,0,0,0,0,0,0,0
g4_6929.sol,0,0,0,1,0,0,0,1
g4_711.sol,0,0,0,0,0,0,0,0
g4_7134.sol,0,0,0,1,0,0,0,1
g4_7330.sol,0,0,0,1,0,0,0,1
g4_737.sol,0,0,0,0,0,0,0,0
g4_738.sol,0,0,0,1,0,0,0,1
g4_739.sol,0,0,0,1,0,0,0,1
g4_740.sol,0,0,0,0,0,0,0,0
g4_7419.sol,0,0,0,0,0,0,0,0
g4_7570.sol,0,0,0,0,0,0,0,0
g4_7593.sol,0,0,0,1,0,0,0,1
g4_797.sol,0,0,0,0,0,0,0,0
g4_798.sol,0,0,0,0,0,0,0,0
g4_8025.sol,0,0,0,1,0,0,0,1
g4_8026.sol,0,0,0,0,0,0,0,0
g4_8099.sol,0,0,0,0,0,0,0,0
g4_8141.sol,0,0,0,0,0,0,0,0
g4_8342.sol,0,0,0,0,0,0,0,0
g4_84.sol,0,0,0,0,0,0,0,0
g4_8606.sol,0,0,0,0,0,0,0,0
g4_8826.sol,0,0,0,1,0,0,0,1
g4_883.sol,0,0,0,0,0,0,0,0
g4_911.sol,0,0,0,0,0,0,0,0
g4_9208.sol,0,0,0,1,0,0,0,1
g4_9230.sol,0,0,0,0,0,0,0,0
g4_9377.sol,0,0,0,1,0,0,0,1
g4_9379.sol,0,0,0,0,0,0,0,0
g4_9428.sol,0,0,0,1,0,0,0,1
g4_948.sol,0,0,0,0,0,0,0,0
g4_9560.sol,0,0,0,0,0,0,0,0
g4_9654.sol,0,0,0,0,0,0,0,0
g4_9820.sol,0,0,0,0,0,0,0,0
g4_9850.sol,0,0,0,0,0,0,0,0
g4_9918.sol,0,0,0,0,0,0,0,0
